{
    "model_results":{
        "50":{
            "configuration": {
                "model_type": "mediapipe",
                "buffer_size": 50,
                "timestamp": "20251207_062453",
                "num_videos": 41
            },
            "aggregate_statistics": {
                "avg_chunk_time_s_mean": 0.3996337695978604,
                "avg_chunk_time_s_std": 0.0038125496298626964,
                "avg_chunk_time_s_median": 0.3989840686321259,
                "avg_chunk_time_s_min": 0.39188932489465783,
                "avg_chunk_time_s_max": 0.4064523935317993,
                "avg_time_per_frame_ms_mean": 7.992675391957208,
                "avg_time_per_frame_ms_std": 0.07625099259725389,
                "avg_time_per_frame_ms_median": 7.979681372642518,
                "avg_time_per_frame_ms_min": 7.837786497893156,
                "avg_time_per_frame_ms_max": 8.129047870635986,
                "avg_fps_mean": 125.12592770114584,
                "avg_fps_std": 1.1924769484918927,
                "avg_fps_median": 125.31828694669348,
                "avg_fps_min": 123.01563675276572,
                "avg_fps_max": 127.58704262597685,
                "mae_bpm_mean": 15.282052473009605,
                "mae_bpm_std": 11.036097731433358,
                "mae_bpm_median": 12.7544415,
                "mae_bpm_min": 4.301422000000007,
                "mae_bpm_max": 61.57671499999999,
                "me_bpm_mean": -4.218235376424689,
                "me_bpm_std": 12.56836819338404,
                "me_bpm_median": -7.5057804878048815,
                "me_bpm_min": -27.875298499999996,
                "me_bpm_max": 32.638586206896534,
                "rmse_bpm_mean": 18.142266069828445,
                "rmse_bpm_std": 13.492511536386012,
                "rmse_bpm_median": 14.248116880680056,
                "rmse_bpm_min": 5.016998165348602,
                "rmse_bpm_max": 69.49772605833685,
                "std_error_bpm_mean": 12.813507154547027,
                "std_error_bpm_std": 13.086112156516991,
                "std_error_bpm_median": 9.298260650368414,
                "std_error_bpm_min": 2.4911172136135207,
                "std_error_bpm_max": 62.35848302736692,
                "within_5bpm_percent_mean": 21.638208718815502,
                "within_5bpm_percent_std": 21.79861133568222,
                "within_5bpm_percent_median": 15.0,
                "within_5bpm_percent_min": 0.0,
                "within_5bpm_percent_max": 66.66666666666666,
                "within_10bpm_percent_mean": 45.89484861246101,
                "within_10bpm_percent_std": 31.600185054472952,
                "within_10bpm_percent_median": 52.5,
                "within_10bpm_percent_min": 0.0,
                "within_10bpm_percent_max": 100.0,
                "within_15bpm_percent_mean": 65.70711413921101,
                "within_15bpm_percent_std": 30.198290088208022,
                "within_15bpm_percent_median": 75.0,
                "within_15bpm_percent_min": 0.0,
                "within_15bpm_percent_max": 100.0,
                "roi_detection_rate_percent_mean": 100.0,
                "roi_detection_rate_percent_std": 0.0,
                "total_videos": 41,
                "total_chunks": 1579,
                "total_frames": 78950,
                "total_measurements": 1579
            }
        },
        "100":{
            "configuration": {
                "model_type": "mediapipe",
                "buffer_size": 100,
                "timestamp": "20251207_055035",
                "num_videos": 41
            },
            "aggregate_statistics": {
                "avg_chunk_time_s_mean": 0.782065479703712,
                "avg_chunk_time_s_std": 0.014652623662790092,
                "avg_chunk_time_s_median": 0.7835713148117065,
                "avg_chunk_time_s_min": 0.762080945466694,
                "avg_chunk_time_s_max": 0.8565068721771241,
                "avg_time_per_frame_ms_mean": 7.82065479703712,
                "avg_time_per_frame_ms_std": 0.14652623662790093,
                "avg_time_per_frame_ms_median": 7.8357131481170645,
                "avg_time_per_frame_ms_min": 7.62080945466694,
                "avg_time_per_frame_ms_max": 8.56506872177124,
                "avg_fps_mean": 127.90917919755252,
                "avg_fps_std": 2.2789354034917806,
                "avg_fps_median": 127.6208024843663,
                "avg_fps_min": 116.75329556412501,
                "avg_fps_max": 131.21965664521446,
                "mae_bpm_mean": 14.45522570358017,
                "mae_bpm_std": 12.692452166023036,
                "mae_bpm_median": 10.3044415,
                "mae_bpm_min": 2.8866085,
                "mae_bpm_max": 56.638965000000006,
                "me_bpm_mean": -4.881633064260327,
                "me_bpm_std": 13.342054683525228,
                "me_bpm_median": -4.25755000000001,
                "me_bpm_min": -40.532165,
                "me_bpm_max": 33.876821428571425,
                "rmse_bpm_mean": 17.33496474815799,
                "rmse_bpm_std": 14.857247260519864,
                "rmse_bpm_median": 12.020114068690123,
                "rmse_bpm_min": 3.51276146523145,
                "rmse_bpm_max": 62.90733613495285,
                "std_error_bpm_mean": 11.35848828237996,
                "std_error_bpm_std": 13.797926596662462,
                "std_error_bpm_median": 6.490399149493093,
                "std_error_bpm_min": 2.2418580270067174,
                "std_error_bpm_max": 62.88193332738763,
                "within_5bpm_percent_mean": 33.90670234059195,
                "within_5bpm_percent_std": 26.890945690320017,
                "within_5bpm_percent_median": 25.0,
                "within_5bpm_percent_min": 0.0,
                "within_5bpm_percent_max": 90.0,
                "within_10bpm_percent_mean": 58.38631130672208,
                "within_10bpm_percent_std": 35.355569352873964,
                "within_10bpm_percent_median": 65.0,
                "within_10bpm_percent_min": 0.0,
                "within_10bpm_percent_max": 100.0,
                "within_15bpm_percent_mean": 71.09318010473338,
                "within_15bpm_percent_std": 35.13142247818682,
                "within_15bpm_percent_median": 85.0,
                "within_15bpm_percent_min": 0.0,
                "within_15bpm_percent_max": 100.0,
                "roi_detection_rate_percent_mean": 100.0,
                "roi_detection_rate_percent_std": 0.0,
                "total_videos": 41,
                "total_chunks": 783,
                "total_frames": 78300,
                "total_measurements": 783
            }
        },
        "200":{
            "configuration": {
                "model_type": "mediapipe",
                "buffer_size": 200,
                "timestamp": "20251207_031429",
                "num_videos": 41
            },
            "aggregate_statistics": {
                "avg_chunk_time_s_mean": 1.5378818465811404,
                "avg_chunk_time_s_std": 0.06060191093216212,
                "avg_chunk_time_s_median": 1.521815538406372,
                "avg_chunk_time_s_min": 1.4936345577239991,
                "avg_chunk_time_s_max": 1.839909212929862,
                "avg_time_per_frame_ms_mean": 7.689409232905701,
                "avg_time_per_frame_ms_std": 0.30300955466081053,
                "avg_time_per_frame_ms_median": 7.60907769203186,
                "avg_time_per_frame_ms_min": 7.468172788619995,
                "avg_time_per_frame_ms_max": 9.19954606464931,
                "avg_fps_mean": 130.22621518292348,
                "avg_fps_std": 4.505046363659926,
                "avg_fps_median": 131.42197260611343,
                "avg_fps_min": 108.70101556887202,
                "avg_fps_max": 133.90156177476243,
                "mae_bpm_mean": 12.386490275861401,
                "mae_bpm_std": 11.282162380830236,
                "mae_bpm_median": 6.776665000000004,