{
    "model_results":{
        "50":{
            "configuration": {
                "model_type": "mediapipe",
                "buffer_size": 50,
                "timestamp": "20251206_204433",
                "num_videos": 41
            },
            "aggregate_statistics": {
                "avg_chunk_time_s_mean": 0.09776813016135376,
                "avg_chunk_time_s_std": 0.02678354135610839,
                "avg_chunk_time_s_median": 0.09395258243267353,
                "avg_chunk_time_s_min": 0.0408755362033844,
                "avg_chunk_time_s_max": 0.1587943474451701,
                "avg_time_per_frame_ms_mean": 1.9553626032270748,
                "avg_time_per_frame_ms_std": 0.5356708271221677,
                "avg_time_per_frame_ms_median": 1.8790516486534707,
                "avg_time_per_frame_ms_min": 0.8175107240676879,
                "avg_time_per_frame_ms_max": 3.175886948903402,
                "avg_fps_mean": 563.5536627580444,
                "avg_fps_std": 209.19589533942525,
                "avg_fps_median": 532.1833493595562,
                "avg_fps_min": 314.8726689863091,
                "avg_fps_max": 1223.225543787732,
                "mae_bpm_mean": 15.42895582726927,
                "mae_bpm_std": 10.751926081225955,
                "mae_bpm_median": 13.347319999999996,
                "mae_bpm_min": 4.301422000000007,
                "mae_bpm_max": 58.87671499999999,
                "me_bpm_mean": -4.15309859422625,
                "me_bpm_std": 12.82237698462024,
                "me_bpm_median": -7.524957073170741,
                "me_bpm_min": -25.625298499999996,
                "me_bpm_max": 32.638586206896534,
                "rmse_bpm_mean": 18.31679020262654,
                "rmse_bpm_std": 13.204130660781498,
                "rmse_bpm_median": 15.328751486738895,
                "rmse_bpm_min": 5.016998165348602,
                "rmse_bpm_max": 66.35288787294516,
                "std_error_bpm_mean": 12.810522215468204,
                "std_error_bpm_std": 12.809481290510494,
                "std_error_bpm_median": 9.298260650368414,
                "std_error_bpm_min": 1.373221527113434,
                "std_error_bpm_max": 59.73747193574908,
                "within_5bpm_percent_mean": 21.34702244458342,
                "within_5bpm_percent_std": 21.93888106518586,
                "within_5bpm_percent_median": 13.88888888888889,
                "within_5bpm_percent_min": 0.0,
                "within_5bpm_percent_max": 66.66666666666666,
                "within_10bpm_percent_mean": 45.30093019716132,
                "within_10bpm_percent_std": 31.85827900167243,
                "within_10bpm_percent_median": 47.5,
                "within_10bpm_percent_min": 0.0,
                "within_10bpm_percent_max": 100.0,
                "within_15bpm_percent_mean": 64.9470036242023,
                "within_15bpm_percent_std": 30.097125031861147,
                "within_15bpm_percent_median": 67.5,
                "within_15bpm_percent_min": 0.0,
                "within_15bpm_percent_max": 100.0,
                "roi_detection_rate_percent_mean": 100.0,
                "roi_detection_rate_percent_std": 0.0,
                "total_videos": 41,
                "total_chunks": 1579,
                "total_frames": 78950,
                "total_measurements": 1579
            }
        },
        "100":{
            "configuration": {
                "model_type": "mediapipe",
                "buffer_size": 100,
                "timestamp": "20251206_205121",
                "num_videos": 41
            },
            "aggregate_statistics": {
                "avg_chunk_time_s_mean": 0.17167575402609167,
                "avg_chunk_time_s_std": 0.03224452129701438,
                "avg_chunk_time_s_median": 0.17496582081443385,
                "avg_chunk_time_s_min": 0.07833402156829834,
                "avg_chunk_time_s_max": 0.21495230574356883,
                "avg_time_per_frame_ms_mean": 1.7167575402609165,
                "avg_time_per_frame_ms_std": 0.3224452129701437,
                "avg_time_per_frame_ms_median": 1.7496582081443384,
                "avg_time_per_frame_ms_min": 0.7833402156829834,
                "avg_time_per_frame_ms_max": 2.149523057435688,
                "avg_fps_mean": 617.0772456379484,
                "avg_fps_std": 190.14526238496677,
                "avg_fps_median": 571.5401987343489,
                "avg_fps_min": 465.21948045208126,
                "avg_fps_max": 1276.584528636914,
                "mae_bpm_mean": 14.907796818929516,
                "mae_bpm_std": 12.935048441758754,
                "mae_bpm_median": 9.9992585,
                "mae_bpm_min": 2.8866085,
                "mae_bpm_max": 57.49354835000001,
                "me_bpm_mean": -5.555106381700268,
                "me_bpm_std": 12.853008400768028,
                "me_bpm_median": -5.607550000000012,
                "me_bpm_min": -35.132165,
                "me_bpm_max": 29.37682142857142,
                "rmse_bpm_mean": 17.714125466368653,
                "rmse_bpm_std": 14.964437961787375,
                "rmse_bpm_median": 11.782659590198643,
                "rmse_bpm_min": 3.51276146523145,
                "rmse_bpm_max": 68.18906356297866,
                "std_error_bpm_mean": 11.781029636631908,
                "std_error_bpm_std": 14.243347688974444,
                "std_error_bpm_median": 7.389380837988539,
                "std_error_bpm_min": 2.2418580270067174,
                "std_error_bpm_max": 67.80655734728037,
                "within_5bpm_percent_mean": 31.768429830047285,
                "within_5bpm_percent_std": 26.78837366309988,
                "within_5bpm_percent_median": 25.0,
                "within_5bpm_percent_min": 0.0,
                "within_5bpm_percent_max": 90.0,
                "within_10bpm_percent_mean": 55.786824785541086,
                "within_10bpm_percent_std": 34.52230540691059,
                "within_10bpm_percent_median": 60.0,
                "within_10bpm_percent_min": 0.0,
                "within_10bpm_percent_max": 100.0,
                "within_15bpm_percent_mean": 69.37944454632516,
                "within_15bpm_percent_std": 35.09290289796636,
                "within_15bpm_percent_median": 85.0,
                "within_15bpm_percent_min": 0.0,
                "within_15bpm_percent_max": 100.0,
                "roi_detection_rate_percent_mean": 100.0,
                "roi_detection_rate_percent_std": 0.0,
                "total_videos": 41,
                "total_chunks": 783,
                "total_frames": 78300,
                "total_measurements": 783
            }
        },
        "200":{
            "configuration": {
                "model_type": "mediapipe",
                "buffer_size": 200,
                "timestamp": "20251206_203437",
                "num_videos": 41
            },
            "aggregate_statistics": {
                "avg_chunk_time_s_mean": 0.39234962429226805,
                "avg_chunk_time_s_std": 0.08584194332484853,
                "avg_chunk_time_s_median": 0.38814711570739746,
                "avg_chunk_time_s_min": 0.11944910458156041,
                "avg_chunk_time_s_max": 0.5724593162536621,
                "avg_time_per_frame_ms_mean": 1.9617481214613401,
                "avg_time_per_frame_ms_std": 0.4292097166242426,
                "avg_time_per_frame_ms_median": 1.9407355785369873,
                "avg_time_per_frame_ms_min": 0.5972455229078021,
                "avg_time_per_frame_ms_max": 2.86229658126831,
                "avg_fps_mean": 550.3935455103735,
                "avg_fps_std": 214.18305375645366,
                "avg_fps_median": 515.2685461426149,
                "avg_fps_min": 349.36980554156645,
                "avg_fps_max": 1674.35327958812,
                "mae_bpm_mean": 13.306728251471158,
                "mae_bpm_std": 11.807277985668517,
                "mae_bpm_median": 7.055546,