{
    "model_results":{
        "mediapipe":{
            "configuration": {
                "model_type": "mediapipe",
                "yolo_model": null,
                "buffer_size": 50,
                "timestamp": "20251203_233312",
                "num_videos": 41
            },
            "aggregate_statistics": {
                "avg_detection_time_ms_mean": 13.944219091565055,
                "avg_detection_time_ms_std": 0.2600078056203758,
                "avg_detection_time_ms_median": 13.88202444993641,
                "avg_detection_time_ms_min": 13.557219540166574,
                "avg_detection_time_ms_max": 14.737659663688845,
                "fps_mean": 71.73891506675345,
                "fps_std": 1.3201671360325458,
                "fps_median": 72.03560284786711,
                "fps_min": 67.85337854312341,
                "fps_max": 73.76143736827862,
                "detection_rate_percent_mean": 100.0,
                "detection_rate_percent_std": 0.0,
                "detection_rate_percent_median": 100.0,
                "detection_rate_percent_min": 100.0,
                "detection_rate_percent_max": 100.0,
                "jitter_avg_pixels_mean": 0.005932971686661286,
                "jitter_avg_pixels_std": 0.018101182737652825,
                "jitter_avg_pixels_median": 0.0011910279044761198,
                "jitter_avg_pixels_min": 0.0,
                "jitter_avg_pixels_max": 0.11678567972843668,
                "roi_width_std_mean": 0.46508557063928546,
                "roi_width_std_std": 0.966538219486668,
                "roi_width_std_median": 0.03138822576496951,
                "roi_width_std_min": 0.0,
                "roi_width_std_max": 3.734318323920868,
                "roi_height_std_mean": 0.46508557063928546,
                "roi_height_std_std": 0.966538219486668,
                "roi_height_std_median": 0.03138822576496951,
                "roi_height_std_min": 0.0,
                "roi_height_std_max": 3.734318323920868,
                "max_consecutive_failures_mean": 0.0,
                "max_consecutive_failures_std": 0.0,
                "max_consecutive_failures_median": 0.0,
                "max_consecutive_failures_min": 0,
                "max_consecutive_failures_max": 0,
                "avg_consecutive_failures_mean": 0.0,
                "avg_consecutive_failures_std": 0.0,
                "avg_consecutive_failures_median": 0.0,
                "avg_consecutive_failures_min": 0,
                "avg_consecutive_failures_max": 0,
                "total_videos": 41,
                "total_frames": 79970,
                "total_detections": 79970
            }
        },
        "mtcnn":{
            "configuration": {
                "model_type": "mtcnn",
                "yolo_model": null,
                "buffer_size": 50,
                "timestamp": "20251204_231159",
                "num_videos": 41
            },
            "aggregate_statistics": {
                "avg_detection_time_ms_mean": 1201.4246083557887,
                "avg_detection_time_ms_std": 6.470641624810801,
                "avg_detection_time_ms_median": 1201.498923749354,
                "avg_detection_time_ms_min": 1187.4236487685575,
                "avg_detection_time_ms_max": 1213.6716989821584,
                "fps_mean": 0.832369365888259,
                "fps_std": 0.004487954696576856,
                "fps_median": 0.8322937126563845,
                "fps_min": 0.823946048044662,
                "fps_max": 0.8421594104488915,
                "detection_rate_percent_mean": 94.9076866035364,
                "detection_rate_percent_std": 0.39148639955848297,
                "detection_rate_percent_median": 94.84536082474226,
                "detection_rate_percent_min": 94.09722222222221,
                "detection_rate_percent_max": 95.81692913385827,
                "jitter_avg_pixels_mean": 5.5334906099752565,
                "jitter_avg_pixels_std": 0.06922462936486944,
                "jitter_avg_pixels_median": 5.530523409299162,
                "jitter_avg_pixels_min": 5.378206033171913,
                "jitter_avg_pixels_max": 5.706173789714172,
                "roi_width_std_mean": 5.006689683551348,
                "roi_width_std_std": 0.08177677384289779,
                "roi_width_std_median": 4.997411304044436,
                "roi_width_std_min": 4.795036046096548,
                "roi_width_std_max": 5.154771352424573,
                "roi_height_std_mean": 12.299253858318856,
                "roi_height_std_std": 0.10261496703120192,
                "roi_height_std_median": 12.317276544243203,
                "roi_height_std_min": 12.049796628926199,
                "roi_height_std_max": 12.515940131889232,
                "max_consecutive_failures_mean": 2.2439024390243905,
                "max_consecutive_failures_std": 0.48290219202983736,
                "max_consecutive_failures_median": 2.0,
                "max_consecutive_failures_min": 1,
                "max_consecutive_failures_max": 3,
                "avg_consecutive_failures_mean": 1.051360221413323,
                "avg_consecutive_failures_std": 0.023962236331662404,
                "avg_consecutive_failures_median": 1.0485436893203883,
                "avg_consecutive_failures_min": 1.0,
                "avg_consecutive_failures_max": 1.1176470588235294,
                "total_videos": 41,
                "total_frames": 79970,
                "total_detections": 75899
            }
        },
        "haar":{
            "configuration": {
                "model_type": "haar",
                "yolo_model": null,
                "buffer_size": 50,
                "timestamp": "20251204_045335",
                "num_videos": 41
            },
            "aggregate_statistics": {
                "avg_detection_time_ms_mean": 216.7932020017632,
                "avg_detection_time_ms_std": 44.28052445403096,
                "avg_detection_time_ms_median": 210.61531322368214,
                "avg_detection_time_ms_min": 145.6073889365563,
                "avg_detection_time_ms_max": 369.0668726487765,
                "fps_mean": 4.783673375454168,
                "fps_std": 0.8705584740880197,
                "fps_median": 4.7479928438914545,
                "fps_min": 2.7095360600181873,
                "fps_max": 6.867783340553669,
                "detection_rate_percent_mean": 99.9343263217163,
                "detection_rate_percent_std": 0.2230768435374312,
                "detection_rate_percent_median": 100.0,
                "detection_rate_percent_min": 98.9964877069744,
                "detection_rate_percent_max": 100.0,
                "jitter_avg_pixels_mean": 1.476182388852668,
                "jitter_avg_pixels_std": 3.7050758379127022,
                "jitter_avg_pixels_median": 0.004751274253855827,
                "jitter_avg_pixels_min": 0.0,
                "jitter_avg_pixels_max": 18.31686803824322,
                "roi_width_std_mean": 3.878023939606833,
                "roi_width_std_std": 6.595468049894826,
                "roi_width_std_median": 1.022586433459164,
                "roi_width_std_min": 0.0,
                "roi_width_std_max": 35.02488665576674,
                "roi_height_std_mean": 3.878023939606833,
                "roi_height_std_std": 6.595468049894826,
                "roi_height_std_median": 1.022586433459164,
                "roi_height_std_min": 0.0,
                "roi_height_std_max": 35.02488665576674,
                "max_consecutive_failures_mean": 0.6097560975609756,
                "max_consecutive_failures_std": 2.2292736297102147,
                "max_consecutive_failures_median": 0.0,
                "max_consecutive_failures_min": 0,
                "max_consecutive_failures_max": 13,
                "avg_consecutive_failures_mean": 0.3170731707317073,
                "avg_consecutive_failures_std": 1.0226465996700795,