{
    "model_results":{
        "mediapipe":{
            "configuration": {
                "model_type": "mediapipe",
                "yolo_model": null,
                "buffer_size": 50,
                "timestamp": "20251203_173013",
                "num_videos": 41
            },
            "aggregate_statistics": {
                "avg_detection_time_ms_mean": 2.6398175852877666,
                "avg_detection_time_ms_std": 0.5750596875201066,
                "avg_detection_time_ms_median": 2.8146915900998,
                "avg_detection_time_ms_min": 0.549488708752544,
                "avg_detection_time_ms_max": 3.413519228805304,
                "fps_mean": 426.63628963929625,
                "fps_std": 249.72972749665996,
                "fps_median": 355.27871100241686,
                "fps_min": 292.95279533257224,
                "fps_max": 1819.8736099058565,
                "detection_rate_percent_mean": 100.0,
                "detection_rate_percent_std": 0.0,
                "detection_rate_percent_median": 100.0,
                "detection_rate_percent_min": 100.0,
                "detection_rate_percent_max": 100.0,
                "jitter_avg_pixels_mean": 0.005893502458234723,
                "jitter_avg_pixels_std": 0.018543425273208996,
                "jitter_avg_pixels_median": 0.001180544529277797,
                "jitter_avg_pixels_min": 0.0,
                "jitter_avg_pixels_max": 0.11978684807766701,
                "roi_width_std_mean": 0.46834859573946624,
                "roi_width_std_std": 0.9544686760539616,
                "roi_width_std_median": 0.022605000991241447,
                "roi_width_std_min": 0.0,
                "roi_width_std_max": 3.725748345227669,
                "roi_height_std_mean": 0.46834859573946624,
                "roi_height_std_std": 0.9544686760539616,
                "roi_height_std_median": 0.022605000991241447,
                "roi_height_std_min": 0.0,
                "roi_height_std_max": 3.725748345227669,
                "max_consecutive_failures_mean": 0.0,
                "max_consecutive_failures_std": 0.0,
                "max_consecutive_failures_median": 0.0,
                "max_consecutive_failures_min": 0,
                "max_consecutive_failures_max": 0,
                "avg_consecutive_failures_mean": 0.0,
                "avg_consecutive_failures_std": 0.0,
                "avg_consecutive_failures_median": 0.0,
                "avg_consecutive_failures_min": 0,
                "avg_consecutive_failures_max": 0,
                "total_videos": 41,
                "total_frames": 79970,
                "total_detections": 79970
            }
        },
        "mtcnn":{
            "configuration": {
                "model_type": "mtcnn",
                "yolo_model": null,
                "buffer_size": 50,
                "timestamp": "20251205_143929",
                "num_videos": 41
            },
            "aggregate_statistics": {
                "avg_detection_time_ms_mean": 256.45173136359625,
                "avg_detection_time_ms_std": 1.8152328293128042,
                "avg_detection_time_ms_median": 255.89808803885217,
                "avg_detection_time_ms_min": 251.9326020380332,
                "avg_detection_time_ms_max": 260.9026788624424,
                "fps_mean": 3.8995640111741454,
                "fps_std": 0.027514224110876964,
                "fps_median": 3.907805672421332,
                "fps_min": 3.8328468084731213,
                "fps_max": 3.9693155705549943,
                "detection_rate_percent_mean": 99.0304584688817,
                "detection_rate_percent_std": 0.25148925963260105,
                "detection_rate_percent_median": 99.05723905723906,
                "detection_rate_percent_min": 98.58064516129032,
                "detection_rate_percent_max": 99.5069033530572,
                "jitter_avg_pixels_mean": 54.58673079953159,
                "jitter_avg_pixels_std": 0.6449093321007382,
                "jitter_avg_pixels_median": 54.552416592761624,
                "jitter_avg_pixels_min": 52.868966913227005,
                "jitter_avg_pixels_max": 56.1790602786675,
                "roi_width_std_mean": 18.469011311492075,
                "roi_width_std_std": 0.20129094042428958,
                "roi_width_std_median": 18.476005964026353,
                "roi_width_std_min": 18.04285085050149,
                "roi_width_std_max": 18.80338300756898,
                "roi_height_std_mean": 13.843322072844572,
                "roi_height_std_std": 0.1483706297772878,
                "roi_height_std_median": 13.835673893526396,
                "roi_height_std_min": 13.508053146307471,
                "roi_height_std_max": 14.180610115682146,
                "max_consecutive_failures_mean": 1.0975609756097562,
                "max_consecutive_failures_std": 0.2967201234291814,
                "max_consecutive_failures_median": 1.0,
                "max_consecutive_failures_min": 1,
                "max_consecutive_failures_max": 2,
                "avg_consecutive_failures_mean": 1.0045272591004297,
                "avg_consecutive_failures_std": 0.014128777652406652,
                "avg_consecutive_failures_median": 1.0,
                "avg_consecutive_failures_min": 1.0,
                "avg_consecutive_failures_max": 1.0625,
                "total_videos": 41,
                "total_frames": 79970,
                "total_detections": 79192
            }
        },
        "haar":{
            "configuration": {
                "model_type": "haar",
                "yolo_model": null,
                "buffer_size": 50,
                "timestamp": "20251203_185616",
                "num_videos": 41
            },
            "aggregate_statistics": {
                "avg_detection_time_ms_mean": 62.266689309050555,
                "avg_detection_time_ms_std": 16.207676591702747,
                "avg_detection_time_ms_median": 58.743286390689036,
                "avg_detection_time_ms_min": 35.4186619762368,
                "avg_detection_time_ms_max": 120.2913299202919,
                "fps_mean": 17.03380512236094,
                "fps_std": 4.009840475877023,
                "fps_median": 17.02322191082763,
                "fps_min": 8.313151086305433,
                "fps_max": 28.233703482952667,
                "detection_rate_percent_mean": 99.93308017617888,
                "detection_rate_percent_std": 0.23178976208437185,
                "detection_rate_percent_median": 100.0,
                "detection_rate_percent_min": 98.94631209232313,
                "detection_rate_percent_max": 100.0,
                "jitter_avg_pixels_mean": 1.4909397617376499,
                "jitter_avg_pixels_std": 3.8777030431866377,
                "jitter_avg_pixels_median": 0.005377857956234522,
                "jitter_avg_pixels_min": 0.0,
                "jitter_avg_pixels_max": 20.353612484240454,
                "roi_width_std_mean": 3.9099920663558545,
                "roi_width_std_std": 6.639050112455904,
                "roi_width_std_median": 0.868549312641621,
                "roi_width_std_min": 0.0,
                "roi_width_std_max": 35.7101204974085,
                "roi_height_std_mean": 3.9099920663558545,
                "roi_height_std_std": 6.639050112455904,
                "roi_height_std_median": 0.868549312641621,
                "roi_height_std_min": 0.0,
                "roi_height_std_max": 35.7101204974085,
                "max_consecutive_failures_mean": 0.7560975609756098,
                "max_consecutive_failures_std": 2.7120371949107587,
                "max_consecutive_failures_median": 0.0,
                "max_consecutive_failures_min": 0,
                "max_consecutive_failures_max": 14,
                "avg_consecutive_failures_mean": 0.3231707317073171,
                "avg_consecutive_failures_std": 1.0738634128171372,
                "avg_consecutive_failures_median": 0.0,