{
    "PC":{
        "configuration": {
            "model_type": "mediapipe",
            "yolo_model": null,
            "buffer_size": 200,
            "timestamp": "20251206_214658",
            "num_videos": 41
        },
        "aggregate_statistics": {
            "roi_performance_avg_detection_time_ms_mean": 5.202236716593839,
            "roi_performance_avg_detection_time_ms_std": 1.3962835744903763,
            "roi_performance_avg_detection_time_ms_median": 5.147929523180327,
            "roi_performance_avg_detection_time_ms_min": 2.8116232579334812,
            "roi_performance_avg_detection_time_ms_max": 9.473919215755359,
            "roi_performance_detection_fps_mean": 206.57590828146806,
            "roi_performance_detection_fps_std": 56.831129324640905,
            "roi_performance_detection_fps_median": 194.25285359816124,
            "roi_performance_detection_fps_min": 105.55293719804742,
            "roi_performance_detection_fps_max": 355.666427633335,
            "evm_performance_avg_chunk_time_s_mean": 0.7452442693931854,
            "evm_performance_avg_chunk_time_s_std": 0.27371413470301176,
            "evm_performance_avg_chunk_time_s_median": 0.78694007396698,
            "evm_performance_avg_chunk_time_s_min": 0.22691214084625244,
            "evm_performance_avg_chunk_time_s_max": 1.4930880784988403,
            "evm_performance_avg_time_per_frame_ms_mean": 3.7262213469659273,
            "evm_performance_avg_time_per_frame_ms_std": 1.368570673515059,
            "evm_performance_avg_time_per_frame_ms_median": 3.9347003698349,
            "evm_performance_avg_time_per_frame_ms_min": 1.1345607042312622,
            "evm_performance_avg_time_per_frame_ms_max": 7.465440392494202,
            "evm_performance_evm_fps_mean": 319.85669157014917,
            "evm_performance_evm_fps_std": 159.85201800847432,
            "evm_performance_evm_fps_median": 254.148958245062,
            "evm_performance_evm_fps_min": 133.95057055246278,
            "evm_performance_evm_fps_max": 881.3984093319751,
            "end_to_end_performance_avg_chunk_time_s_mean": 1.7770488230239683,
            "end_to_end_performance_avg_chunk_time_s_std": 0.5322226462044937,
            "end_to_end_performance_avg_chunk_time_s_median": 1.7748787641525268,
            "end_to_end_performance_avg_chunk_time_s_min": 0.8762218236923218,
            "end_to_end_performance_avg_chunk_time_s_max": 3.135323405265808,
            "end_to_end_performance_avg_time_per_frame_ms_mean": 8.885244115119843,
            "end_to_end_performance_avg_time_per_frame_ms_std": 2.6611132310224686,
            "end_to_end_performance_avg_time_per_frame_ms_median": 8.874393820762634,
            "end_to_end_performance_avg_time_per_frame_ms_min": 4.381109118461609,
            "end_to_end_performance_avg_time_per_frame_ms_max": 15.67661702632904,
            "end_to_end_performance_end_to_end_fps_mean": 123.69603903233391,
            "end_to_end_performance_end_to_end_fps_std": 39.99216464284445,
            "end_to_end_performance_end_to_end_fps_median": 112.68375285085821,
            "end_to_end_performance_end_to_end_fps_min": 63.789272795303326,
            "end_to_end_performance_end_to_end_fps_max": 228.25270335908502,
            "end_to_end_performance_detection_time_percentage_mean": 58.875251023913435,
            "end_to_end_performance_detection_time_percentage_std": 6.2637810023573,
            "end_to_end_performance_detection_time_percentage_median": 58.24583460159521,
            "end_to_end_performance_detection_time_percentage_min": 42.86799204874788,
            "end_to_end_performance_detection_time_percentage_max": 74.70677000433686,
            "end_to_end_performance_evm_time_percentage_mean": 41.124748976086565,
            "end_to_end_performance_evm_time_percentage_std": 6.2637810023573035,
            "end_to_end_performance_evm_time_percentage_median": 41.754165398404794,
            "end_to_end_performance_evm_time_percentage_min": 25.29322999566313,
            "end_to_end_performance_evm_time_percentage_max": 57.13200795125213,
            "roi_quality_detection_rate_percent_mean": 100.0,
            "roi_quality_detection_rate_percent_std": 0.0,
            "roi_quality_jitter_avg_pixels_mean": 0.005893502458234723,
            "roi_quality_jitter_avg_pixels_std": 0.018543425273208996,
            "roi_quality_roi_width_std_mean": 0.46834859573946624,
            "roi_quality_roi_width_std_std": 0.9544686760539616,
            "roi_quality_roi_height_std_mean": 0.46834859573946624,
            "roi_quality_roi_height_std_std": 0.9544686760539616,
            "roi_quality_max_consecutive_failures_mean": 0.0,
            "roi_quality_max_consecutive_failures_std": 0.0,
            "roi_quality_avg_consecutive_failures_mean": 0.0,
            "roi_quality_avg_consecutive_failures_std": 0.0,
            "hr_accuracy_mae_bpm_mean": 13.306728251471158,
            "hr_accuracy_mae_bpm_std": 11.807277985668517,
            "hr_accuracy_me_bpm_mean": -5.134165599090208,
            "hr_accuracy_me_bpm_std": 14.202704007807503,
            "hr_accuracy_rmse_bpm_mean": 15.64232285140496,
            "hr_accuracy_rmse_bpm_std": 13.57628497244804,
            "hr_accuracy_std_error_bpm_mean": 9.419666811535999,
            "hr_accuracy_std_error_bpm_std": 10.592034623625384,
            "hr_accuracy_within_5bpm_percent_mean": 43.5269066976384,
            "hr_accuracy_within_5bpm_percent_std": 34.74324975275716,
            "hr_accuracy_within_10bpm_percent_mean": 62.35385210994967,
            "hr_accuracy_within_10bpm_percent_std": 39.0888127460649,
            "hr_accuracy_within_15bpm_percent_mean": 69.83352690669764,
            "hr_accuracy_within_15bpm_percent_std": 36.734922822493004,
            "system_cpu_usage_avg_percent_mean": 1.3897480136963036,
            "system_cpu_usage_avg_percent_std": 1.0229442971112628,
            "system_cpu_usage_avg_percent_max": 6.682051282051282,
            "system_cpu_usage_max_percent_mean": 15.21951219512195,
            "system_cpu_usage_max_percent_std": 8.789384381788459,
            "system_cpu_usage_max_percent_max": 44.5,
            "system_memory_usage_avg_percent_mean": 59.770519684224226,
            "system_memory_usage_avg_percent_std": 2.4324378784552985,
            "system_memory_usage_avg_percent_max": 63.68181818181821,
            "system_memory_usage_max_percent_mean": 60.697560975609754,
            "system_memory_usage_max_percent_std": 2.114120679214404,
            "system_memory_usage_max_percent_max": 64.5,
            "system_cpu_freq_avg_mhz_mean": 2495.9990000000003,
            "system_cpu_freq_avg_mhz_std": 3.8899039408002024e-13,
            "system_cpu_freq_avg_mhz_max": 2495.9990000000007,
            "system_throttling_cases": 0,
            "system_temp_warning_cases": 0,
            "system_temp_critical_cases": 0,
            "total_videos": 41,
            "total_chunks": 387,
            "total_frames": 79970,
            "total_measurements": 387
        }
    },
    "RP4":{
        "configuration": {
            "model_type": "mediapipe",
            "yolo_model": null,
            "buffer_size": 200,
            "timestamp": "20251207_051336",
            "num_videos": 41
        },
        "aggregate_statistics": {
            "roi_performance_avg_detection_time_ms_mean": 14.710050232007465,
            "roi_performance_avg_detection_time_ms_std": 0.42382919111440304,
            "roi_performance_avg_detection_time_ms_median": 14.632783027570119,
            "roi_performance_avg_detection_time_ms_min": 13.828388488475369,
            "roi_performance_avg_detection_time_ms_max": 15.597368939088122,
            "roi_performance_detection_fps_mean": 68.03712997653824,
            "roi_performance_detection_fps_std": 1.9585171679605964,
            "roi_performance_detection_fps_median": 68.33969984492126,